Source wording,Observations,Unmatched fragment or review reason
African Union-United Nations Hybrid Operation in Darfur,2,Historical/additional entity retained for review
All peacekeeping missions,4,All peacekeeping missions
"All peacekeeping missions, Department of Management Strategy, Policy and Compliance and Department of Operational Support",1,All peacekeeping missions
Department for General Assembly and Conference Management and Department of Management,2,Historical/additional entity retained for review
Department of Economic and Social Affairs and Department of Management,1,Historical/additional entity retained for review
"Department of Economic and Social Affairs, regional commissions and Development Coordination Office",2,regional commissions
Department of Economic and Social Affairs; regional commissions; and Development Coordination Office,1,regional commissions
Department of Field Support,72,Historical/additional entity retained for review
Department of Field Support and Department of Management,14,Historical/additional entity retained for review
Department of Field Support and Department of Peacekeeping Operations,3,Historical/additional entity retained for review
Department of Field Support and Department of Political Affairs,4,Historical/additional entity retained for review
Department of Field Support and Office of Internal Oversight Services,2,Historical/additional entity retained for review
"Department of Field Support, Department of Political Affairs and Department of Management",1,Historical/additional entity retained for review
Department of Field Support; Department of Peacekeeping Operations and Department of Management,1,Historical/additional entity retained for review
Department of Field Support; Department of Peacekeeping Operations and Department of Political Affairs,1,Historical/additional entity retained for review
Department of Management,281,Historical/additional entity retained for review
"Department of Management Strategy, Policy and Compliance and all peacekeeping missions",12,all peacekeeping missions
"Department of Management Strategy, Policy and Compliance and peacekeeping missions",3,peacekeeping missions
"Department of Management Strategy, Policy and Compliance, Department of Operational Support, Office for Disarmament Affairs, Office of the Special Envoy of the Secretary-General for Syria, United Nations Office for West Africa and the Sahel, United Nations Assistance Mission in Somalia, United Nations Support Mission in Libya, United Nations Integrated Office in Haiti, United Nations Integrated Transition Assistance Mission in the Sudan, Office of the Special Envoy of the Secretary-General for the Great Lakes Region and United Nations Assistance Mission in Afghanistan",1,Historical/additional entity retained for review
"Department of Management Strategy, Policy and Compliance, Department of Peace Operations and all peacekeeping missions",6,all peacekeeping missions
"Department of Management Strategy, Policy and Compliance, UNMISS, UNSOS, MINUSMA, MINUSCA, MONUSCO and UNISFA",1,Historical/additional entity retained for review
"Department of Management Strategy, Policy and Compliance; and all peacekeeping missions",1,all peacekeeping missions
Department of Management and Department for General Assembly and Conference Management,1,Historical/additional entity retained for review
Department of Management and Department of Field Support,57,Historical/additional entity retained for review
Department of Management and Ethics Office,3,Historical/additional entity retained for review
Department of Management and Executive Office of the Secretary-General,1,Historical/additional entity retained for review
Department of Management and Office for the Coordination of Humanitarian Affairs,2,Historical/additional entity retained for review
Department of Management and Office of Internal Oversight Services,7,Historical/additional entity retained for review
Department of Management and Office of Legal Affairs,9,Historical/additional entity retained for review
Department of Management and United Nations Joint Staff Pension Fund,1,Historical/additional entity retained for review
"Department of Management, Department of Field Support and Office of Internal Oversight Services",2,Historical/additional entity retained for review
"Department of Management, Department of Peacekeeping Operations and Department of Field Support",10,Historical/additional entity retained for review
"Department of Management, Executive Office of the Secretary-General and Office of Legal Affairs",1,Historical/additional entity retained for review
Department of Management; Department of Field Support; and Department of Peacekeeping Operations,1,Historical/additional entity retained for review
Department of Management; Department of Peacekeeping Operations and Department of Field Support,2,Historical/additional entity retained for review
Department of Management; Department of Peacekeeping Operations; and Department of Field Support,1,Historical/additional entity retained for review
Department of Operational Support and African Union-United Nations Hybrid Operation in Darfur,1,Historical/additional entity retained for review
Department of Operational Support and all peacekeeping missions,1,all peacekeeping missions
"Department of Operational Support, Office of Information and Communications Technology and all peacekeeping missions",1,all peacekeeping missions
Department of Peace Operations and all peacekeeping missions,6,all peacekeeping missions
Department of Peacekeeping Operations,1,Historical/additional entity retained for review
Department of Peacekeeping Operations and Department of Field Support,62,Historical/additional entity retained for review
Department of Peacekeeping Operations; Department of Field Support and Department of Management,2,Historical/additional entity retained for review
Department of Peacekeeping Operations; Department of Field Support and Department of Political Affairs,1,Historical/additional entity retained for review
Department of Political Affairs,6,Historical/additional entity retained for review
Department of Political Affairs and Department of Management,2,Historical/additional entity retained for review
Department of Political Affairs and Department of Safety and Security,1,Historical/additional entity retained for review
"Department of Political Affairs, Department of Field Support and Department of Management",1,Historical/additional entity retained for review
Department of Safety and Security and Department of Management,1,Historical/additional entity retained for review
Executive Office of the Secretary-General and Department of Management,4,Historical/additional entity retained for review
"Executive Office of the Secretary-General, Department of Management and Office of Internal Oversight Services",3,Historical/additional entity retained for review
"Executive Office of the Secretary-General, Ethics Office and Department of Management",1,Historical/additional entity retained for review
"Executive Office of the Secretary-General, Ethics Office, Department of Management and Office of Internal Oversight Services",1,Historical/additional entity retained for review
"Office for Disarmament Affairs, Office of the Special Envoy of the Secretary-General for Syria, United Nations Office for West Africa and the Sahel, United Nations Assistance Mission in Somalia, UNMSIL, United Nations Integrated Office in Haiti (BINUH), United Nations Integrated Transition Assistance Mission in the Sudan, Office of the Special Envoy of the Secretary-General for the Great Lakes Region and UNAMA",1,Historical/additional entity retained for review
Office of Internal Oversight Services and Department of Field Support,2,Historical/additional entity retained for review
Office of Internal Oversight Services and Department of Management,1,Historical/additional entity retained for review
United Nations Assistance Mission in Afghanistan and United Nations Assistance Mission in Somalia,1,Historical/additional entity retained for review
United Nations Assistance Mission in Somalia,2,Historical/additional entity retained for review
United Nations Office at Geneva and Department of Management,1,Historical/additional entity retained for review
"United Nations Office at Geneva, Department of Management and Department for General Assembly and Conference Management",1,Historical/additional entity retained for review
